,0
0,670.6227781851294
1,905.8108036926087
2,1385.8675504648882
3,846.9627908811235
4,241.7811084292298
5,643.1320005014886
6,346.4375186722755
7,1153.4431712828473
8,518.2618484698314
9,460.0250611456677
10,-562.0599961990756
11,12.684934108600828
12,1594.288069077933
13,1486.626987157737
14,847.6301129752892
15,1889.5888634033108
16,4141.432531995961
17,4592.584615587355
18,4531.644788674477
19,4550.856433271092
20,5544.715514638071
21,5346.772590436523
22,5539.682745661239
23,5609.191251492079
24,5639.64553964744
25,5529.007762712699
26,5595.3307947713765
27,5596.121445074222
28,5592.748828248061
29,5574.371072421671
30,5648.501293275783
31,5579.817429224108
32,5575.330871461544
33,5625.113617438153
34,5855.264369992385
35,5730.797140437048
36,5740.981936338359
37,5750.317278730622
38,5677.375353436227
39,5661.046116111143
40,5785.137770799602
41,5667.376561238907
42,5552.771018306626
43,5759.652079542599
44,5879.210732028937
45,6065.402843312892
46,5829.375652960812
47,6014.839449840967
48,6052.370430780164
49,5903.155066521283
50,5828.838674260652
51,5770.728381096469
52,5768.842038185046
53,5729.106638573509
54,5843.30948302706
55,5991.834187704843
56,5838.129056354568
57,5784.9835389153195
58,6036.176673440956
59,5926.962926809772
60,5879.793438596778
61,6138.508532262461
62,6137.300295698286
63,5887.775411205346
64,5957.097393585016
65,6070.7582978254895
66,6119.497595935867
67,5995.894263178716
68,6002.828058022913
69,5778.368438540681
70,5974.543178878105
71,6072.7361177884895
72,5873.742171689094
73,6038.451802689383
74,6072.300005159349
75,6004.629517999262
76,6169.977745043017
77,5958.986230472053
78,6071.427959267223
79,6005.472863955538
80,6034.492654149484
81,6137.427608162208
82,6176.829330689516
83,5922.333012093666
84,5969.16706995737
85,6085.692927444907
86,5946.263153724586
87,5914.406048030131
88,6021.759380362897
89,5887.194145295176
90,5983.307005676068
91,6067.6977663039215
92,6145.01384516294
93,6109.528147214822
94,5853.960814277934
95,5985.796614429451
96,5736.652007770118
97,5852.6692327928795
98,5956.056525022173
99,6065.504069726811
100,6080.3987852798255
101,6031.797963337296
102,5842.7534483769305
103,6105.291886332117
104,5622.912128698911
105,5927.022709110388
106,5836.449888149783
107,5862.390419926081
108,5354.239692816273
109,5467.702270006589
110,5738.549579818656
111,5856.177164111041
112,5590.950441510584
113,5088.788946324346
114,5329.835866848286
115,5698.640668565019
116,5336.201507723784
117,5203.825222141775
118,5883.598224307144
119,5512.103681405753
120,5695.718882662804
121,5950.848776376395
122,6021.18171087808
123,5320.287841567562
124,5771.291526819219
125,5926.140593746676
126,5544.978995479448
127,5658.2709219609815
128,6106.126948136022
129,5492.401835606428
130,5746.6634579722
131,5762.153039746872
132,5980.694420638718
133,5919.614761445158
134,5813.670572912426
135,5812.543572553526
136,5948.779638302027
137,5907.837721054531
138,5999.665968029341
139,5933.73018041819
140,5434.7097312769265
141,6016.196518506644
142,5746.169365501545
143,5973.213560104286
144,6023.414451774275
145,5717.139377197551
146,5628.910067317831
147,6054.123985018487
148,5728.189069933356
149,5334.777001170377
150,5705.8674481324615
151,5062.639331068983
152,5856.797112272811
153,5487.211490719831
154,5875.674460942024
155,5923.448250024316
156,5571.197319282147
157,5809.544334096568
158,5633.766221658647
159,5682.184389651318
160,5963.796280591252
161,5915.429142639979
162,5870.317801798004
163,5678.605405500738
164,5935.661726425285
165,5747.4064678060495
166,5949.955995326154
167,5572.185014589648
168,5860.532877121323
169,6047.877544337357
170,5623.1131893887705
171,5912.263332830371
172,5798.658901709596
173,5918.368959770981
174,6034.428605136116
175,5929.217774615345
176,5925.234501111842
177,5805.3735407642125
178,5554.059734186808
179,5934.703817744894
180,5797.05735172729
181,5713.937554736752
182,6023.588094504955
183,5992.471101800849
184,5872.772606287287
185,5392.752275583393
186,5926.2405011824685
187,5985.221752749088
188,5851.467344070642
189,5513.348246495358
190,5742.222423440098
191,5403.622722968262
192,5917.269349127157
193,5603.1915095288305
194,5259.57422538637
195,5722.86469133143
196,5701.917620437902
197,5279.193312305922
198,5332.770581920953
199,5955.508686631014
200,5400.608229015098
201,5990.616241839893
202,5394.122276007927
203,5563.98598582932
204,5863.319308160343
205,5661.001886507167
206,5760.210771984395
207,5240.89828568299
208,5874.580323528349
209,5628.593052086204
210,5185.533466623414
211,5895.883804265809
212,5710.32968737809
213,6084.462782168557
214,5908.545285956342
215,5770.834338892646
216,5997.468291476209
217,5029.035656602384
218,4787.227571876106
219,5624.556542434624
220,5462.254069604049
221,5523.579623133116
222,5917.098226822801
223,5415.0323112527185
224,5281.586459699947
225,5512.591275121322
226,5307.335762189413
227,5638.523789254449
228,5158.605562166387
229,5171.991162387538
230,5782.910307452782
231,6036.922136414365
232,5327.3504435873165
233,5782.217299391746
234,5796.360473271617
235,5736.518877424807
236,4980.453484589913
237,5309.323243864439
238,5250.43251167609
239,5596.787715558094
240,4992.466517890419
241,5328.321732053261
242,5307.283629307878
243,5606.514059930142
244,5157.661909023106
245,4979.89096293599
246,5224.3781541659955
247,5881.858420438373
248,5820.475200618585
249,5821.475088469035
250,5387.7764166016295
251,5685.489091992606
252,5234.651081412265
253,5166.043619392798
254,5571.042184622358
255,5719.604856046436
256,5368.844745667051
257,5554.6108531217815
258,5469.163124672808
259,4826.844420969364
260,5227.447258442438
261,5791.447900668006
262,5616.389064570806
263,4708.243080831204
264,4876.280231274353
265,5271.146005496739
266,5573.40786736338
267,5187.098379634437
268,5750.445640249262
269,4822.727413370955
270,5465.55050435476
271,4591.638440450564
272,5717.688882214297
273,5198.54617422296
274,5863.792807059127
275,5640.785822923731
276,5723.082470918105
277,4935.470037768149
278,5817.7344111676975
279,4792.59366110856
280,5427.739955475804
281,4738.527289416488
282,5312.680025508345
283,5443.970200570726
284,5471.48769105624
285,5705.045582808328
286,4607.596565055955
287,5489.042154542668
288,4573.7387507337935
289,5120.829401990994
290,4545.307241957609
291,4629.912116776937
292,5716.98710165651
293,5328.194093590788
294,5220.770362391889
295,5265.08167598097
296,5451.393143556735
297,5302.648184761491
298,5257.356020570603
299,5478.942422263521
300,5373.415084873469
301,5573.348838792303
302,5668.047033801851
303,4942.685178556576
304,5446.553267958684
305,5618.956438797527
306,5374.86849128792
307,5627.24003337819
308,4900.796754211246
309,4550.937572031957
310,5274.400691086349
311,5761.995352710526
312,5543.180780738518
313,5077.705207003899
314,4932.148088803559
315,5325.054117018048
316,5390.522793290522
317,5118.628701445081
318,5877.278447788533
319,5669.439411965762
320,5380.058194057095
321,5606.40115319518
322,5851.3011883886065
323,5524.17691336395
324,5323.546564734112
325,5862.6288636953705
326,5226.20724187927
327,5640.377524812272
328,4633.093863429997
329,5630.2532637479135
330,4979.874684134395
331,5223.353226901492
332,5682.625193748241
333,5837.737300595025
334,5923.997233441998
335,4219.026949490004
336,5263.951744845543
337,5024.007839124164
338,5149.063786674623
339,5315.778441803826
340,5915.199791997646
341,5099.566194503492
342,5574.70214313333
343,5771.860810614224
344,5219.501828162279
345,5284.765021104746
346,4629.655752167639
347,4785.925696535706
348,5411.425793253204
349,5005.289780193055
350,5243.322200123233
351,4610.893866500606
352,5253.687030346946
353,4823.386404320872
354,5568.864896086892
355,5686.927714289691
356,5211.423246881776
357,5360.065116902564
358,5379.263316161678
359,5263.255729252192
360,5564.23000662872
361,5339.332220954244
362,5443.5881933255005
363,5131.496450054965
364,5067.547218227279
365,5174.2830638717405
366,5594.376345474993
367,5690.42941734075
368,5681.500906669747
369,5104.916458788202
370,5636.668222609595
371,5346.193247808222
372,5667.966575307557
373,4740.3798600975015
374,5727.991388770359
375,5065.721808118694
376,5437.8178599067
377,5454.831476397488
378,5332.425970171017
379,5162.881384255705
380,5693.945347521351
381,5219.724160249778
382,5415.066683238184
383,5148.124636976712
384,5573.467266407543
385,4692.808667646754
386,5873.029775572364
387,4790.5618735523585
388,4682.169047715854
389,5374.65609932139
390,4920.469047312463
391,5396.026924147041
392,4914.9182976152915
393,5284.021494147641
394,5602.957970796418
395,5635.862591465239
396,5459.824468934812
397,5554.033127529033
398,5662.951818302983
399,5566.093341309239
400,5094.87465149308
401,5671.314135386346
402,5669.3137626746375
403,5663.241688573787
404,4565.489688538808
405,5281.112744164875
406,5308.824097054802
407,5634.390802931297
408,5281.179611245878
409,5562.581828474547
410,5139.997407415703
411,4789.0067719485305
412,5120.587208272716
413,4977.952949924026
414,5085.186987647393
415,4955.857457478326
416,5837.603826647723
417,5494.495732796304
418,4584.360910248363
419,5427.393356067856
420,4398.068388420287
421,5566.865849738411
422,5121.2326944397055
423,5672.911870023893
424,5028.982080126054
425,5004.215288346903
426,5390.854983439107
427,5254.512984731293
428,4586.054906339085
429,5215.233090200974
430,4706.0675993910845
431,4982.366254175862
432,5148.475981120926
433,5648.247263196299
434,5019.135028676619
435,4825.160686120155
436,5848.413868880085
437,5737.860693430646
438,4424.507782664179
439,5558.970491056896
440,5417.48535259953
441,4861.578423899762
442,5551.598304584953
443,5302.56773162481
444,4440.172787048772
445,5297.606603779843
446,5080.912634922082
447,5640.819337687585
448,5070.651721685914
449,5187.341623666422
450,5348.760033230136
451,5566.815063313317
452,5505.947387472086
453,5531.783109068543
454,5135.552191949526
455,5342.737785710353
456,5276.7568309345625
457,5742.523703619409
458,5285.809160380717
459,5743.678492302912
460,5399.337793855087
461,5207.459833708898
462,4878.439479171173
463,4921.627948749478
464,5389.563309704503
465,5494.372242086452
466,5181.352984608642
467,4599.92705824541
468,4667.345146317619
469,5077.796426112054
470,4679.922130716488
471,4182.776645776142
472,5398.917041762161
473,5342.91223156798
474,5342.063516270449
475,4560.788460560832
476,4856.934770651847
477,5693.10077553963
478,5118.084585321307
479,5408.303142310255
480,5191.592609363213
481,5596.983841741379
482,5089.8824129705645
483,5271.822231929735
484,5269.806003951442
485,5223.133838909859
486,4653.0879878385595
487,4768.380159841654
488,5210.342123307232
489,5321.6859743571895
490,5187.3470773123045
491,5290.945859824859
492,5336.440987029673
493,5259.6722233456985
494,5307.679823712905
495,5249.926685425999
496,4803.584627904895
497,4917.138985589008
498,5011.009562091107
499,4548.567015469019
500,5027.225565821984
501,4876.97349939173
502,5471.200833504086
503,5278.538056185482
504,4887.687672086015
505,5614.901196812482
506,4500.814190342657
507,4949.518213843183
508,4769.896235772774
509,5481.7885761493
510,5538.281393418914
511,5294.339829684523
512,5585.124748446051
513,4747.821407422371
514,5735.843124590238
515,5389.394613143981
516,5094.433528893677
517,5563.21408431073
518,5167.748202145196
519,4546.635563517377
520,5428.9796063140275
521,5317.0504860249675
522,4682.448928092763
523,4141.369750339871
524,5506.236444290597
525,5537.400975783245
526,5722.12235200851
527,5472.843389539362
528,4890.023485288606
529,5360.2672683772025
530,5135.533836984354
531,4604.75663213091
532,4746.80604585588
533,5149.76804620071
534,5432.597788390354
535,5299.696939382525
536,5779.57686406473
537,5026.404603929053
538,4657.035081773598
539,4512.826590013385
540,5391.775034590549
541,4744.648578118893
542,4343.334629438286
543,4762.987187992048
544,5260.3132116001
545,5369.683425921377
546,5477.101465866146
547,5037.274828707369
548,4668.181637940317
549,4468.14576071137
550,4612.490412220479
551,4782.948140568404
552,5028.194753653489
553,4918.991366689548
554,5773.880073473628
555,4797.781018526837
556,4519.1927353147385
557,5252.1777850625895
558,4428.146659555643
559,5119.6471550714095
560,4468.687625962126
561,5514.959368133945
562,5412.445956920724
563,4880.480501411379
564,5348.9906598040325
565,5236.392591423592
566,5359.209395714207
567,4684.6559822854815
568,5243.1623974250415
569,5271.1311745382845
570,4541.263814800698
571,5515.337949187382
572,5628.597821311011
573,5328.442222643647
574,5371.5259988092785
575,4940.968744766931
576,5090.472362494969
577,5011.882661504625
578,5374.350477138183
579,5032.125889852593
580,5146.955507414899
581,4896.068963137945
582,4343.243039764129
583,5482.982199151435
584,5198.837643089659
585,4572.247861387275
586,5634.162074054598
587,4733.931166079465
588,5481.16709799183
589,5213.689526888611
590,5412.443454284382
591,4909.878790866278
592,5123.542321820349
593,5057.0866978760805
594,5513.57388055029
595,4944.66171803792
596,5453.1840185273795
597,4615.135501943403
598,5349.456225216707
599,5223.333414703375
600,5489.175828190654
601,5168.915943806539
602,5327.602871104333
603,5333.654385303338
604,5074.457965504725
605,4967.466166306496
606,5012.689128769793
607,4472.2976782070455
608,4552.544803389471
609,4375.355396075327
610,5334.504050854302
611,4788.888362720217
612,4141.627550277394
613,5322.12347742002
614,5368.133259887749
615,5074.371198072866
616,4788.436346909544
617,5009.791698885594
618,4897.628427092788
619,4395.078953033686
620,5246.165411928957
621,5372.181937568234
622,4566.178422020694
623,5638.5743291984645
624,4959.922804925648
625,5255.030751158993
626,5147.632305683604
627,4826.90000841019
628,5504.191585134921
629,5311.985293204157
630,5550.504159334121
631,5123.066473125358
632,4705.465845907911
633,4389.585143490129
634,4926.294611016218
635,5653.618331326523
636,4937.00265083277
637,5580.6187609795215
638,5190.518208154806
639,5486.67097819406
640,4781.086153324453
641,4746.795594796438
642,4932.410258135986
643,4984.899955868671
644,5214.070356132405
645,5591.532658585209
646,5466.402937005549
647,4580.334471351939
648,5306.3959211363235
649,5009.170364848229
650,5108.172561711937
651,5413.920778132532
652,4925.069698381211
653,5121.2963961750465
654,4961.301943484724
655,5076.916783219394
656,4578.437114073004
657,4903.899078233519
658,4994.842934722061
659,4634.4604070202595
660,4792.661072484307
661,4819.084365800867
662,4558.475401291789
663,5461.983709509685
664,4360.294367806597
665,5221.938060610015
666,4332.204810276188
667,5190.373906795503
668,5122.5153083857895
669,3981.722539780795
670,4411.184380365968
671,5161.559338528274
672,4774.076043674993
673,4949.785486342296
674,5073.071325235978
675,5196.908232493499
676,4692.678845701523
677,5283.0767442721135
678,5121.57694364031
679,5175.4995540395485
680,5591.371664898863
681,5296.304922181533
682,5450.655115380201
683,4658.110326012734
684,4689.304364479009
685,5447.641968383075
686,4539.389413660559
687,4672.905065631754
688,5271.046639423069
689,5397.477749758983
690,4885.091336230392
691,4531.720010481547
692,5116.767133654126
693,4587.677755322868
694,5492.930095993026
695,4639.0625235101725
696,5425.949168267323
697,5234.451719658129
698,5037.112352290468
699,4838.413689439843
700,5140.393410963783
701,4423.212224986533
702,4740.812475974435
703,5341.332628081568
704,4910.847118839304
705,5317.905709193758
706,4875.5782559162835
707,5483.29172769195
708,5497.055174405963
709,4953.142732943012
710,4377.486715100602
711,5400.0702812191885
712,4934.72869842949
713,4436.8528936029
714,4824.87760273016
715,4825.613932350696
716,4859.68187332996
717,4713.290162762452
718,5368.4660610502415
719,4560.860679827641
720,5354.429329767183
721,4585.763827536308
722,5341.706453283613
723,5207.75620202937
724,5412.687255457559
725,5292.904265093444
726,5650.4356470176335
727,4542.396069524117
728,4982.006532178969
729,5220.01745822424
730,5282.475845033972
731,5625.155821214308
732,5411.458838606473
733,5076.415271568597
734,4744.135067970867
735,5531.468964374462
736,5157.9651374909345
737,4945.217616709134
738,4753.968472439537
739,5382.753667355133
740,5172.524336488141
741,4894.842061942289
742,4708.365596450259
743,4517.08822818537
744,5169.880364824348
745,5328.246535840795
746,5037.365826785588
747,4993.482153894425
748,5160.293059548066
749,5249.212487418445
750,5316.887513282561
751,4868.899245325709
752,4854.041791485262
753,5229.4547134652885
754,4540.378393187568
755,4818.2181577177125
756,4794.943375031125
757,4790.5201948500235
758,5470.40868375204
759,4821.899743781011
760,4792.527075093232
761,4848.393210890443
762,5386.239492726685
763,5432.626031192976
764,5174.710933727681
765,4536.836210322679
766,4931.538221503069
767,5123.3955320357945
768,5573.761459335996
769,5473.255300838529
770,5030.318199412085
771,5218.441325650725
772,4917.573598268524
773,4763.918704868811
774,4603.509631626326
775,5117.320035813861
776,5135.883590845209
777,4989.199765538875
778,5425.653159214827
779,4911.9299219608965
780,5273.526987219979
781,5259.822288186915
782,5246.987211407999
783,4662.224454683423
784,5139.601578100843
785,5326.54016320112
786,5032.431252975934
787,5108.027752681961
788,4777.28480716608
789,5195.02990825216
790,5317.040295787359
791,5124.9770907079555
792,5330.367245401623
793,4800.60844959783
794,4986.74676898075
795,5217.761199613932
796,5020.339167138065
797,5085.56313084057
798,5013.099292365674
799,5432.004654335808
800,4886.046800141573
801,5125.215803585996
802,5350.425985533833
803,5373.9211125294405
804,5431.912525309797
805,5240.505377169415
806,4940.280727235433
807,4521.476972131452
808,5125.668745398379
809,4595.629981797941
810,5174.788737060388
811,4943.274773980387
812,5476.437299721837
813,5254.334032180004
814,4894.992799425512
815,5329.597703089678
816,4922.8589562135985
817,4973.880219854724
818,4954.403160601529
819,5079.241582505891
820,5459.999528375123
821,5222.91659154904
822,5467.757885951367
823,5369.431108104711
824,5588.918725487864
825,5081.653850922279
826,5193.035422090638
827,5340.934065099922
828,5365.995714040339
829,5309.669984084341
830,5583.892625421824
831,5281.580673971141
832,5431.345510389078
833,5445.782090835525
834,4540.141518835346
835,5272.342510066668
836,5391.2599143003645
837,4766.124298552884
838,5433.632456441754
839,5030.889364359458
840,5311.583882462877
841,5115.6073278984
842,5223.086636305758
843,5656.7522588536285
844,4640.165672833142
845,5548.99250905842
846,5031.94710514912
847,5070.445258796459
848,5306.041202255698
849,5163.364304325647
850,4953.0060256220195
851,5404.959331257565
852,4664.85175674761
853,4873.255366661939
854,5139.183017660658
855,5289.607557211138
856,5382.198622738346
857,5293.875666662625
858,5618.467631169223
859,5303.953506862685
860,5232.11223200361
861,4547.52989544598
862,5028.173741391292
863,5650.388894590964
864,5288.959251373869
865,5297.014029956003
866,5128.558395621423
867,5381.829290876074
868,5155.104237098942
869,4800.890956898667
870,4952.79168551337
871,5491.231402811005
872,5118.842392656363
873,5314.632021400015
874,5352.493533858933
875,5381.21882794043
876,5299.5377425074785
877,5310.82817615275
878,5198.310720593626
879,5142.283970861376
880,5639.221729722898
881,5167.302737694372
882,5602.727807489513
883,5652.668806209684
884,5354.510042563496
885,5356.498211602107
886,4977.281081996034
887,5208.379716000134
888,5528.329280929283
889,5359.905622259677
890,5298.317435654404
891,5526.414552785824
892,4968.498758665204
893,5478.086744961916
894,5057.9978566601585
895,5284.606300831833
896,5010.50229221376
897,4956.621829136066
898,5061.569243215521
899,5121.594546133159
900,5478.062843612697
901,5337.424814024322
902,5040.72498015868
903,5254.810340812704
904,5100.692438563621
905,5346.766981931498
906,4964.462732161721
907,5196.965271397972
908,5102.247507104668
909,5006.755652104705
910,5295.556482294213
911,5390.683856957849
912,5341.91005815805
913,5406.342169612961
914,5417.909974441995
915,4987.929684203954
916,5293.135863580499
917,5439.003829862192
918,4800.049891613128
919,4891.35884141944
920,5187.089140902243
921,5058.697158994923
922,5112.872762360617
923,5418.829045664634
924,4535.848621036083
925,5050.194419045005
926,5503.980600872905
927,5213.133472666118
928,5326.825208450235
929,4885.872730228781
930,5446.883356692183
931,5176.872618985608
932,4682.288345458082
933,5160.771028149027
934,5472.087008174857
935,5450.910645101418
936,5443.243555970993
937,5234.019090388527
938,4967.974322972449
939,4957.662412341472
940,5373.643349108323
941,5464.331009731743
942,5062.99185779315
943,5162.133489415328
944,5285.7641318154265
945,5356.88080767036
946,5332.073657494531
947,5360.359217299849
948,5044.140538023056
949,4549.704742248197
950,5066.294226388482
951,5067.048255581278
952,5095.736142796049
953,5270.389566705664
954,5289.076701477856
955,5198.185945108156
956,5236.113392628438
957,5609.966595797259
958,4907.673232586782
959,5340.202626242091
960,5324.977859527082
961,5182.771643057203
962,4903.450090103777
963,5333.066092073371
964,5053.1253133390765
965,4955.487162780721
966,5417.075533273366
967,4820.336836735394
968,5378.716326344956
969,5333.810991649447
970,5249.54715424501
971,5510.458399351866
972,4974.8523551025155
973,5090.582098821031
974,5379.608832024321
975,5267.158774474799
976,5251.992598924317
977,5275.51007344912
978,5521.923170860832
979,5407.955934093786
980,5002.7135189415185
981,5442.749331076409
982,5437.336290767931
983,5156.014574727846
984,5202.456198398563
985,5381.457268303896
986,5463.395193624563
987,4996.091899795301
988,5062.253273138729
989,4741.605898320253
990,4982.820768569176
991,5164.113746779431
992,5745.351684113247
993,5247.441206403486
994,5248.800277730648
995,5402.6363354348905
996,5301.000185360992
997,5349.402011358145
998,5662.317511004276
999,5341.272436964737
1000,4897.085468303873
1001,5399.0971943579225
1002,5351.976307247627
1003,5266.418771790719
1004,5504.035008534829
1005,5698.406798883144
1006,5505.930155592523
1007,5259.925848452516
1008,5260.382526462733
1009,4779.4858670946705
1010,5413.857399669168
1011,5481.507838324858
1012,5266.328455497034
1013,5309.654555729197
1014,5036.472329848214
1015,5270.121861770663
1016,5338.6866365615715
1017,5245.841120801102
1018,5374.549470049731
1019,5308.00032339778
1020,5801.909299698569
1021,5511.551629798287
1022,5229.956312063713
1023,5117.054905276838
1024,5494.5738492088
1025,5565.227733140453
1026,5484.308482467204
1027,4822.046846885948
1028,5274.190610705289
1029,5596.004834306047
1030,5120.211333948073
1031,5286.304100459361
1032,5089.0459125939815
1033,5360.210311345177
1034,5332.56601691501
1035,5356.537409070139
1036,5308.549212419753
1037,5458.246178300893
1038,5132.7716973245915
1039,5234.047773031768
1040,4930.15219453767
1041,5305.924888542269
1042,5349.831177642567
1043,5368.672279011954
1044,5307.074862491833
1045,4981.302396312968
1046,5168.098095154926
1047,4965.926615209684
1048,5173.508200306903
1049,5556.532812586184
1050,5435.5441947052495
1051,4947.91179695663
1052,5133.18044015946
1053,5373.72289038199
1054,5487.578312339576
1055,5297.877762805455
1056,5351.914139601605
1057,5390.650887684997
1058,5517.831008469884
1059,5324.423719332774
1060,5455.989317252902
1061,5275.629858751488
1062,5364.18832624772
1063,5252.674705112718
1064,5157.843755133503
1065,5359.7862219550425
1066,5338.084914595806
1067,5190.846043050144
1068,5269.085590215605
1069,4839.562189954711
1070,5440.623134263683
1071,5202.481243627835
1072,5490.1892406772695
1073,5388.764887163084
1074,5073.907784944285
1075,5483.47601881125
1076,5088.590480716579
1077,5359.435191913825
1078,5304.919052722526
1079,5339.727241295052
1080,5299.400606220145
1081,4947.126346940382
1082,5158.103672151998
1083,5419.250089128303
1084,5387.394557696187
1085,5360.311112502279
1086,5462.021992164837
1087,5402.846871341857
1088,5163.871334291691
1089,5269.816515586514
1090,5276.246286312071
1091,5158.430438770309
1092,4915.675773630539
1093,5214.096556472605
1094,5220.490073227588
1095,5344.335258254415
1096,5231.341163364641
1097,5354.086647333088
1098,5409.271762071008
1099,5405.001994420881
1100,5182.784359413781
1101,4929.435770838989
1102,5269.4224982442265
1103,5456.090163612367
1104,5408.694255781905
1105,5491.825006784523
1106,5075.977568688517
1107,5580.457199270556
1108,5376.0456061500045
1109,5637.589181063242
1110,5394.245063640345
1111,5204.625031280465
1112,5314.1140733967095
1113,5565.795721261574
1114,5402.687432386951
1115,5304.489209248269
1116,5242.634333467116
1117,4894.55653652986
1118,5226.984379704447
1119,5432.121814294298
1120,4845.045437870162
1121,5387.014828734248
1122,5435.024708755149
1123,5282.294725154662
1124,5146.6118260647745
1125,5156.931252586441
1126,4971.370233028429
1127,5102.13206566123
1128,5333.008361147224
1129,5180.305935697827
1130,4986.705167766315
1131,5332.490653034334
1132,5259.979354887306
1133,5335.352028736308
1134,5455.547453086852
1135,5568.426329961743
1136,5000.604322198189
1137,5371.704506662139
1138,5203.771059771321
1139,5095.430418938718
1140,5295.323913468054
1141,5043.643792440685
1142,5370.447888082194
1143,5340.978541254926
1144,5318.793292670428
1145,4913.959441753363
1146,4923.436298002862
1147,5148.122528334438
1148,5305.689562404112
1149,5244.810018707633
1150,5178.7585156126415
1151,4960.519913300839
1152,5487.929239466952
1153,5259.56933217177
1154,5122.005180083258
1155,5348.74921972238
1156,4874.316371739499
1157,4998.705050761822
1158,5321.396360141764
1159,5371.997369956403
1160,4892.8010190061905
1161,5331.671397120292
1162,5216.878463126068
1163,4841.6093687352695
1164,5134.945375497544
1165,4681.384150360147
1166,5368.521828031271
1167,5122.279030155867
1168,5237.782749031669
1169,5381.963198773221
1170,5020.656278006829
1171,5367.64079707784
1172,5229.188972023032
1173,4980.827234248409
1174,5314.008082056955
1175,5401.121862550608
1176,5434.09107939179
1177,5098.851880719993
1178,5562.683231991397
1179,5116.396446937965
1180,4862.882013495485
1181,5164.683263331943
1182,5156.518737389683
1183,5042.925994305735
1184,5462.100266117403
1185,4813.7893154223475
1186,4838.255862057094
1187,5247.987237838039
1188,5034.768940420354
1189,5113.249930679123
1190,5201.069727075706
1191,5106.450238103954
1192,5171.495583246768
1193,5311.615403197599
1194,4645.5291267612365
1195,5391.202893812174
1196,5323.148367988357
1197,5406.434492101738
1198,5094.355289778549
1199,5103.720385786224
1200,5414.410816631139
1201,4884.328991667642
1202,4863.246262179788
1203,4722.453531382445
1204,4859.095687968174
1205,4900.7623103773785
1206,5263.849275268451
1207,4890.384062979763
1208,4899.524294074243
1209,4872.287257094504
1210,5427.111749734357
1211,5140.203719512991
1212,5386.311890576486
1213,4658.8754278446495
1214,5353.727712701584
1215,5063.84274961974
1216,5153.654989435638
1217,5138.235786706493
1218,5244.178764243419
1219,4407.885205691115
1220,5368.788397264935
1221,5068.0054195327375
1222,5016.4681912730575
1223,5303.349169560326
1224,5191.255406689901
1225,4908.164560437721
1226,5074.598049847851
1227,5111.69156296729
1228,5250.9660264626955
1229,5354.871876105522
1230,5215.519546888957
1231,5386.775949759429
1232,5092.138418345985
1233,5086.780708437834
1234,5120.310966152065
1235,4755.093658782722
1236,5324.577468794727
1237,5213.398292921511
1238,4485.3508004855885
1239,4872.714879448924
1240,5064.553977513871
1241,5053.7835974115405
1242,4609.04155623236
1243,5201.436083530255
1244,5030.269413431175
1245,5385.845292787605
1246,4702.129433600278
1247,5075.008370703623
1248,5269.0514752570225
1249,4901.926378968131
1250,5407.912707512457
1251,5115.504778914222
1252,5109.64474394191
1253,4877.335727647196
1254,4866.138194954052
1255,5237.809422808428
1256,4747.405133549057
1257,5139.824675254571
1258,5032.954790015389
1259,5266.385574866101
1260,4725.482281462157
1261,5088.342584419026
1262,4999.384761705315
1263,5097.037451783631
1264,5076.0457301508395
1265,4990.213128995118
1266,4954.346143845241
1267,4951.6641636414915
1268,4862.630533318261
1269,4897.579106776236
1270,4753.765939966756
1271,5112.977949226215
1272,5096.8665914121375
1273,4673.883257291194
1274,5202.874700284188
1275,4952.6769650698025
1276,5274.876244217401
1277,4412.890840549962
1278,5052.501711247628
1279,5152.864569390538
1280,4893.502634673085
1281,5006.63589755669
1282,4548.034752450177
1283,4788.811622640454
1284,5716.965419518108
1285,5118.444735204901
1286,5445.257004325926
1287,5130.5854412809485
1288,5351.555660799943
1289,5359.976001237171
1290,5119.079243027825
1291,5392.1095903960895
1292,4927.399973130797
1293,5125.75951201003
1294,5163.211464592208
1295,5087.029038773271
1296,5315.670243605081
1297,4789.371340376521
1298,5147.432361700595
1299,5400.097249322823
1300,5180.885001056326
1301,4703.384799112133
1302,4885.22072755962
1303,4971.891625155277
1304,5093.463935550113
1305,5159.475585837493
1306,5300.737707320923
1307,5470.365339731017
1308,5272.726119483979
1309,5105.603056586451
1310,4542.485782493934
1311,5021.084896957279
1312,4737.532947798164
1313,4841.779168460003
1314,5023.18492189431
1315,5321.294263888275
1316,4843.795790208633
1317,5008.102190638165
1318,5188.857846274326
1319,4987.86728532304
1320,5266.774776192888
1321,4790.9223698739315
1322,4592.233641371451
1323,5467.71359305527
1324,4857.023522143358
1325,4787.249695742767
1326,4833.864552882644
1327,4965.99682628548
1328,5493.643946491283
1329,4685.231384550749
1330,5215.325302442987
1331,5007.745329933443
1332,5310.639054252664
1333,4936.196353529328
1334,5118.316714286433
1335,5152.874153013225
1336,5318.07894225352
1337,4965.589916225044
1338,4640.401180579427
1339,4976.825161162891
1340,5431.6261647057245
1341,5196.997455384101
1342,4952.31196889606
1343,5493.6168333820515
1344,4828.757793342864
1345,5167.541541823092
1346,5528.869286617593
1347,5281.792810188224
1348,4856.967737619565
1349,4736.826677877386
1350,5204.852530302336
1351,5312.453422061505
1352,5368.389241011343
1353,4813.0518866320235
1354,5118.186064299602
1355,5082.042211327654
1356,5248.584745096202
1357,5356.46415131816
1358,5197.570273716299
1359,5272.985706956584
1360,4520.87319943945
1361,5279.887276995873
1362,5041.414427856591
1363,4887.543852084852
1364,5161.838302395665
1365,5030.4276680594985
1366,4985.75346616863
1367,4664.322729572248
1368,5447.662461035407
1369,5396.3048993760785
1370,4845.046656426512
1371,5043.381398173478
1372,5410.762334396895
1373,4877.822808263307
1374,5000.776317910739
1375,5124.744241447788
1376,5254.622855076115
1377,5418.639812246888
1378,4746.139254863978
1379,5037.3421528163435
1380,4763.7353805416205
1381,4578.127829882921
1382,4921.536521340475
1383,5185.5808817956
1384,5255.648874700409
1385,4624.896971933862
1386,4760.687964647415
1387,4413.614106898968
1388,4651.352423759288
1389,5156.449239888252
1390,5137.376582607775
1391,4870.880955141451
1392,5180.940822048013
1393,5259.321069689683
1394,5020.205814786756
1395,4920.039990716767
1396,4490.980051365825
1397,5096.037631899186
1398,4719.9556006556195
1399,4603.886038320557
1400,4957.968787911862
1401,5005.526212640713
1402,5133.338644731824
1403,4684.107653366755
1404,5143.060694243774
1405,4682.858589625501
1406,5330.9314650742
1407,5074.435240265465
1408,5128.863403622961
1409,5131.023377267994
1410,5150.51227096394
1411,5265.978002998219
1412,5142.435263692005
1413,5157.758170526824
1414,5298.155604299765
1415,5034.807066696581
1416,4648.667005587951
1417,5289.570576856281
1418,4508.600947858733
1419,5328.079009335924
1420,4555.207764376069
1421,5175.6570165688645
1422,5030.735479009707
1423,4601.258363733563
1424,4326.335039401894
1425,5148.694379417423
1426,4475.166154473982
1427,5028.811255344024
1428,5084.271878184019
1429,5323.346335912998
1430,4625.653123003977
1431,4589.693079419536
1432,5208.196202511646
1433,4984.371052119908
1434,5147.017685515628
1435,5157.7280669052525
1436,4890.077452353946
1437,5051.399711548107
1438,5370.193748264166
1439,5087.874465056062
1440,4434.25987398021
1441,4984.990650001819
1442,4628.179982245724
1443,4743.600748214098
1444,4803.518024650411
1445,5463.8296065183495
1446,5151.808315923234
1447,4801.06863521439
1448,4968.1440152629
1449,5008.69897906663
1450,5041.406890476113
1451,4964.430921136366
1452,4855.2722044924585
1453,5240.867805475191
1454,4490.9010419543265
1455,4658.561542132544
1456,4471.0245144415685
1457,5261.228946290177
1458,5330.614151141163
1459,5110.966131366093
1460,5311.666874586734
1461,5277.279901009555
1462,5234.9567985348
1463,5139.863833458699
1464,4685.513359989141
1465,5144.852651654994
1466,5148.83717058612
1467,5464.402408367332
1468,4996.951856741216
1469,5154.985782617348
1470,5092.818758444479
1471,5676.923747183135
1472,4877.790867115809
1473,5146.47194097815
1474,4521.784646371889
1475,4798.876987488014
1476,5020.519578788951
1477,4966.524004895928
1478,5076.175121446349
1479,5182.86491008475
1480,4563.1272541866965
1481,4664.912807981729
1482,4971.296401324979
1483,5000.229294943783
1484,5097.766783976294
1485,5079.535728085728
1486,5373.385258371548
1487,5087.918336166347
1488,5347.644912360519
1489,4928.7728113194335
1490,5067.908618505899
1491,5132.396070901052
1492,5045.916719845456
1493,5479.939254396696
1494,5158.348915991986
1495,5301.186636919821
1496,5236.821717965233
1497,5142.345793789536
1498,4766.368840405912
1499,4676.9040134021325
1500,4277.784460679748
1501,4889.7316773315815
1502,4955.685933813878
1503,4539.7779940923265
1504,5124.490887997792
1505,5026.1351424684
1506,5137.847493954085
1507,4439.875500537693
1508,5373.950557892986
1509,4389.468433825704
1510,5123.125419405942
1511,5053.494133052524
1512,4254.731116658411
1513,5110.724564835054
1514,5112.042291109263
1515,4600.071464455441
1516,5103.568430723384
1517,5137.529258783812
1518,4621.61579827742
1519,5046.066535722606
1520,4817.9229648052
1521,4985.183848548935
1522,5197.302801599927
1523,4647.598565510153
1524,5179.143520980893
1525,4564.181612134896
1526,4797.640839445694
1527,4228.370855214365
1528,5018.36075396597
1529,4920.164970218679
1530,4639.706935800434
1531,5270.365889411618
1532,5118.561839791762
1533,4547.946568265999
1534,4964.9221542703835
1535,4151.357529819437
1536,4902.706949323057
1537,4916.061196387986
1538,4954.023288924037
1539,4824.829451212183
1540,5279.045231972537
1541,4058.0772839757165
1542,4461.835334643824
1543,4772.924991120273
1544,5335.995552524484
1545,4368.108875381654
1546,5197.848990657905
1547,4889.540892045117
1548,4572.750203085375
1549,4496.021219774571
1550,4875.403981332791
1551,4708.525914781819
1552,5101.975734274411
1553,4029.1645925401876
1554,4591.476150956648
1555,4955.684744745176
1556,5355.46447215493
1557,4213.603614364827
1558,4894.2401132235955
1559,4386.974462906064
1560,4716.7081932193305
1561,4830.405062450982
1562,4315.664808962185
1563,4291.296264540393
1564,4903.426079830543
1565,4807.7380338779585
1566,4478.989851438452
1567,5261.6200518037695
1568,4395.429523730934
1569,4901.9279086338665
1570,5005.720039470585
1571,5210.873262970806
1572,4228.225068403346
1573,4069.9189065137275
1574,4948.204255613968
1575,4132.154938358005
1576,4606.3543226287
1577,4161.1305297785
1578,4840.585797615682
1579,5473.79166234684
1580,4734.413854977731
1581,4389.578386947576
1582,4337.886964408379
1583,4372.201773077188
1584,4262.62671862847
1585,4056.652592685257
1586,4630.289042863884
1587,4829.461317172992
1588,4605.600296358123
1589,-549.5082892777136
1590,4557.67443899775
1591,4172.884887911939
1592,4665.45987156875
1593,4675.7544633942125
1594,5124.984603868327
1595,4875.6553927116765
1596,4732.603276222842
1597,4561.4001723705205
1598,4209.436295356558
1599,5644.768825844827
1600,4475.444182044022
1601,3782.3883942119137
1602,5131.125321418389
1603,5313.889887895317
1604,4678.526093420234
1605,4308.675371873695
1606,4319.9107961751315
1607,4265.1225699853885
1608,4321.497448583752
1609,5354.968643062482
1610,4554.071323379967
1611,4267.455638868504
1612,4786.61458893967
1613,4935.283651926459
1614,4818.674535343901
1615,4824.248635441725
1616,4093.294449365993
1617,3783.6133236281803
1618,4788.433858429401
1619,4447.347578178769
1620,4301.155453958671
1621,4556.976943764001
1622,5135.29647077254
1623,4007.814329752487
1624,4879.301274847022
1625,4936.112243673413
1626,4427.08322380283
1627,4011.329141043281
1628,4591.835064797259
1629,4931.616863616842
1630,4098.686628813462
1631,4334.887435445127
1632,4814.249048923875
1633,4697.014035428934
1634,3712.6501282266345
1635,4537.351436355772
1636,3953.2361392376165
1637,4568.784460588067
1638,4666.222920393522
1639,4718.746834257158
1640,3834.942863794629
1641,3681.6345801071843
1642,4359.7818153214685
1643,4758.77677039972
1644,4142.823094950274
1645,4123.636720302678
1646,4378.119362307092
1647,3809.6952144693837
1648,3945.2885920325625
1649,4919.289076779746
1650,4448.364655478043
1651,4720.058197931413
1652,5012.881142790183
1653,4788.08423427858
1654,3970.8932055633727
1655,4603.179678211834
1656,4497.174246787394
1657,4254.456144773163
1658,4136.309506629128
1659,4095.8438729237514
1660,4997.792499090263
1661,3774.6850221209043
1662,4684.315527947967
1663,4387.518826597698
1664,4861.019408492682
1665,4460.345493759331
1666,3891.5328501695235
1667,4164.779322886564
1668,3539.6751180291385
1669,3789.2975499776003
1670,3817.080871288877
1671,4251.451564198535
1672,3804.34874593347
1673,3871.404597037174
1674,4674.709077939613
1675,5458.414089220495
1676,4501.453124095015
1677,4473.971673552531
1678,4033.3810269938494
1679,4788.513305185546
1680,4433.707756021992
1681,3960.876022486637
1682,4654.269356817225
1683,4831.51605583377
1684,3656.9594903210836
1685,4217.685272757222
1686,3845.6003463683887
1687,4408.403300619873
1688,4437.502744969504
1689,4463.994330718368
1690,4101.145430752398
1691,5156.372843984038
1692,4553.715370461648
1693,3467.0441149860185
1694,4259.298323568043
1695,3922.485679530952
1696,5280.541858100952
1697,3824.143633181632
1698,4760.658042951827
1699,5227.073080774264
1700,3247.0390082510607
1701,4131.7452765884445
1702,4611.07955050985
1703,4063.7140358243864
1704,4657.85393912795
1705,4991.355767629232
1706,4648.401788008629
1707,4592.228120006486
1708,4688.175063620784
1709,4409.439594173964
1710,5156.216066716304
1711,5031.622421763634
1712,4319.618423854561
1713,4305.26994518253
1714,4065.310024506449
1715,4666.787077892312
1716,5030.590380558637
1717,4094.9585429068093
1718,3832.6236106244305
1719,3722.863412488457
1720,4352.44849229206
1721,4416.466589544157
1722,4610.144910198201
1723,4186.14611346255
1724,4503.6355995249
1725,4182.95948184847
1726,4089.5202817844947
1727,4228.235805733064
1728,4590.98522996565
1729,4716.573543559477
1730,4733.976154170427
1731,3982.3871557540556
1732,4290.430911708985
1733,3595.08586103079
1734,4887.134271298304
1735,4363.593498973962
1736,3086.0788727070603
1737,4046.8581781683097
1738,3417.4828043444186
1739,4297.433440125271
1740,4196.907979648924
1741,5135.129232524072
1742,3226.582935553233
1743,3762.2742354146067
1744,4714.397360403193
1745,4386.812531248586
1746,4028.705159388066
1747,3858.113111950416
1748,4484.25445877093
1749,4731.7502008576175
1750,3668.6559146758223
1751,3941.8919103646617
1752,4598.291175986647
1753,4665.778950326348
1754,4142.707608065415
1755,4808.504062381716
1756,4935.827083999909
1757,4379.136450661912
1758,3459.39624771216
1759,3447.508905391466
1760,3605.330720341601
1761,3520.904173184994
1762,4317.674637593887
1763,2963.3443325129447
1764,4610.440297717645
1765,3028.8922185711963
1766,4607.096662085517
1767,4303.975308889864
1768,3487.697109578513
1769,3530.8831884913216
1770,4618.651510925028
1771,3520.30577980705
1772,4826.314124971203
1773,3763.7751006720246
1774,4324.61583550395
1775,4217.471725946796
1776,3864.9963143761815
1777,3785.324989861939
1778,4032.9390069658302
1779,3522.59541833728
1780,4040.729339224002
1781,3623.4110524020593
1782,4157.006768370973
1783,4767.317031650199
1784,3417.52547829122
1785,4300.014135875459
1786,3486.8875991697437
1787,3897.7662994712427
1788,2942.7476964544776
1789,4611.755024971712
1790,4516.75652875243
1791,3646.106633198831
1792,4134.588974360549
1793,3535.9701908803686
1794,3642.681692979949
1795,4378.99915378173
1796,3657.1208090474997
1797,3382.9338576036607
1798,3397.5291143888708
1799,4041.116652854718
1800,4668.025998766585
1801,4050.5138544504084
1802,4473.476054722251
1803,4402.785908712403
1804,4277.807827523499
1805,3505.500576512722
1806,4547.676124941029
1807,3757.713767503366
1808,3380.716884953225
1809,3158.0694447764727
1810,5037.201330626247
1811,4120.900976952309
1812,3703.766044741802
1813,4074.0603646065297
1814,3606.7747266216224
1815,5928.398103784641
1816,3919.2649892177888
1817,3966.6941595391604
1818,3437.109530932391
1819,3129.6322139955273
1820,3266.98884668519
1821,4261.671278729162
1822,3511.726844795999
1823,4260.748879015608
1824,4892.006816665041
1825,4493.155454792372
1826,3470.735731895875
1827,4078.7774137303645
1828,4932.0345855247
1829,3596.402441290854
1830,3493.3367404446844
1831,2815.5277769414124
1832,3260.588277536722
1833,3781.7640157269966
1834,3959.9955849517705
1835,3598.951187537952
1836,4135.2062305127565
1837,3416.8172712418195
1838,3845.030099555685
1839,4425.765064449442
1840,3625.4030445492413
1841,3414.015599342076
1842,3643.99827369779
1843,3987.543812675677
1844,4226.869776798583
1845,3908.078336593071
1846,3241.6336357793584
1847,3437.488484367621
1848,3762.0371935142402
1849,4247.148699438385
1850,3722.745283328888
1851,3179.2691115849384
1852,3777.0028113583876
1853,3387.37444952471
1854,3770.188635438722
1855,4223.916188092419
1856,3451.772886876163
1857,3443.478859674755
1858,4594.785188143958
1859,4961.140843773943
1860,3840.5967740573783
1861,3950.177190613029
1862,4233.229511474883
1863,3316.0158680298678
1864,4069.1531407178654
1865,4377.02590355848
1866,3640.683347837488
1867,3791.6828193297206
1868,3756.752806680754
1869,4289.545222972996
1870,3509.695415292556
1871,4260.131304054841
1872,3768.4569444806425
1873,3565.887516602646
1874,3928.043514376597
1875,3444.306779761568
1876,4848.4297888912715
1877,3688.679412668407
1878,3990.2936384580776
1879,3502.734882726518
1880,3768.69863099218
1881,3990.69953343066
1882,3433.3989493786307
1883,3796.927385113715
1884,3695.5855088993353
1885,4304.848339928969
1886,3501.3243713831985
1887,3320.0937707390167
1888,4346.122361877533
1889,3655.976433803889
1890,3300.1941762529414
1891,3545.59548570165
1892,4718.070748017008
1893,3970.5114088706464
1894,3869.209846473942
1895,3691.9991950290314
1896,4400.382129809444
1897,3289.3025860468993
1898,3274.262164269702
1899,3588.455688724985
1900,3258.8879530786567
1901,3322.3508423799494
1902,4806.591929189215
1903,2822.2943072443204
1904,3429.502679637987
1905,3248.2200063964356
1906,3588.335409791941
1907,3305.9126594709523
1908,3913.7688044617294
1909,3803.528219700061
1910,3591.6339372529924
1911,3875.5297796239793
1912,3666.0194487641693
1913,3296.116807070161
1914,3401.975573005183
1915,3686.9598885629543
1916,3384.82345069939
1917,3996.7611925329165
1918,3436.1492547004927
1919,3594.9730478552233
1920,4606.594223361164
1921,4691.390297246298
1922,4537.4222789892865
1923,3546.218862913457
1924,4178.4496005565325
1925,3923.4253130710294
1926,3386.3119016366236
1927,5057.628218500747
1928,3698.923820067993
1929,3440.9976785675117
1930,3829.678437756061
1931,4277.442288442775
1932,3795.1357826668354
1933,4088.2743888423215
1934,3894.05509340117
1935,3924.1915587624003
1936,3392.472973961953
1937,4930.773522808748
1938,3904.4807565110737
1939,3742.8829323536575
1940,3868.446257169353
1941,4206.950383147539
1942,4641.844833713729
1943,3813.1496662665127
1944,3666.3314966332155
1945,3751.460284000936
1946,4171.167124829448
1947,4751.250791727103
1948,3354.1464336212625
1949,3311.5431613073274
1950,3935.9067172709842
1951,4603.243683773504
1952,4182.662356222547
1953,3424.7774952687855
1954,3349.220977815958
1955,3723.868626420701
1956,3077.6952388763784
1957,3177.5759801314816
1958,3642.173323760408
1959,3223.5390909366147
1960,3308.579418478373
1961,4116.090982616248
1962,3240.436583109041
1963,3329.1177607302147
1964,3112.2209970286112
1965,4090.3805676213296
1966,4389.642121846708
1967,4104.471038635074
1968,3571.870487803033
1969,3506.834455726672
1970,4561.45557611424
1971,3603.488383693669
1972,3624.970269617342
1973,3758.1954458019304
1974,3138.8387898814863
1975,3173.1309859150615
1976,3403.5348767040605
1977,3254.982762348959
1978,2915.041767529917
1979,3059.3792063419196
1980,4158.473850543043
1981,3996.0852679818704
1982,4402.254602176528
1983,3420.4710227541973
1984,3652.4216426520193
1985,4318.941356781637
1986,3931.58428343377
1987,3936.661326015051
1988,3366.919719783579
1989,3583.0054713678437
1990,4537.14230940491
1991,3425.6700389526627
1992,3581.9392314031243
1993,2934.60199543365
1994,-16750.907624882762
1995,3891.3650980978296
1996,3492.703396043461
1997,4085.156878348756
1998,3410.703107529976
1999,3631.4763121408387
2000,3606.519844368653
2001,3211.6742881857126
2002,4435.083345889794
2003,4363.634081748369
2004,4396.500467258554
2005,3169.5919869237623
2006,4689.854522436763
2007,4078.3120868308815
2008,3689.203145979218
2009,3116.2034225438165
2010,3282.5202477921407
2011,3541.9736595713466
2012,4737.773851489321
2013,3847.43910690304
2014,3244.602794852879
2015,4078.1924915052546
2016,4518.793566750885
2017,3536.504046538165
2018,2961.760976060713
2019,3966.2962683972164
2020,3592.6257611541423
2021,3517.633916215114
2022,3321.275592670387
2023,3386.1303148986117
2024,3727.3780807342478
2025,3219.8365413352763
2026,3815.2714066006456
2027,3133.6565748562507
2028,3180.682626045056
2029,3517.9535660584693
2030,4392.503990452318
2031,4773.012005510471
2032,4306.753951103969
2033,3729.8560016757338
2034,4870.862991529157
2035,3200.3587606259503
2036,3149.5183488327903
2037,4030.4151641984536
2038,4096.308715776452
2039,3564.288804141605
2040,3106.4960653918897
2041,3491.9101305688755
2042,3218.942684860132
2043,3126.3845189026188
2044,4346.927787452883
2045,3277.7016292458966
2046,4042.693159587132
2047,4191.188082355309
2048,3249.119813194399
2049,4836.9692241832545
2050,4568.269641104308
2051,4448.634728387006
2052,3814.4243362321504
2053,3156.7412407367556
2054,4021.8656137881435
2055,4407.844584973995
2056,3101.809946425451
2057,4140.976957950763
2058,3342.1954480807126
2059,3677.385447471034
2060,3086.265854299878
2061,3359.619498495769
2062,3347.8315535063007
2063,4759.608737326644
2064,3109.794034701753
2065,3651.387438608427
2066,3840.5014299455765
2067,3760.4721764585465
2068,2998.3602322586894
2069,3120.011161833765
2070,4412.52979132055
2071,4665.046205932407
2072,3121.006517068643
2073,4264.033599194092
2074,3983.2802217161534
2075,4166.309634712279
2076,4051.483597875885
2077,3563.6844508846516
2078,3320.5642534212598
2079,3323.5624990188485
2080,3126.9280537469513
2081,5096.537280396275
2082,3470.3751528668736
2083,3136.2506693204296
2084,3099.0201380482695
2085,4105.163525334088
2086,3924.05519010727
2087,3349.7276579717927
2088,3022.7891447696857
2089,4350.959079845556
2090,4536.062031789294
2091,3244.9207546804264
2092,4105.369866005727
2093,4605.176295472547
2094,4072.446453694753
2095,4207.689042302355
2096,3046.080202967494
2097,3156.268666340595
2098,4588.307015631024
2099,4878.058809865852
2100,3668.596838292609
2101,3311.441845196376
2102,3003.975936386665
2103,3997.9673718690774
2104,3839.6060535789316
2105,3097.7756340319756
2106,2980.3780751379963
2107,3782.302718589903
2108,4210.744232208167
2109,2918.9803895517734
2110,2975.3647825468543
2111,3822.507977417533
2112,3008.9168218825935
2113,4130.6431103545565
2114,3157.2678525061065
2115,2962.051250289488
2116,4365.731129859498
2117,1312.6705429365893
2118,4844.550623067456
2119,4546.755212065522
2120,3464.782454055638
2121,3805.2949712636264
2122,3770.3227996076757
2123,4038.037124431767
2124,2989.928174694478
2125,2973.4104464818947
2126,3663.8969082637486
2127,3625.5777752597132
2128,3779.1864894257933
2129,4483.498404145219
2130,3785.0118227336975
2131,3722.3840059297836
2132,3714.207728114649
2133,3705.72321975371
2134,3780.2665922280253
2135,3152.084789873964
2136,3046.98157922907
2137,3036.8850662271107
2138,3211.4450091733215
2139,4022.6669315894164
2140,3477.4276137482375
2141,4559.636703126278
2142,3005.8659719590396
2143,3666.8556705582705
2144,3905.914950158653
2145,3010.794532861365
2146,3710.5004271531825
2147,3244.710959320125
2148,3258.437783026533
2149,3580.1068673379823
2150,4078.217638240463
2151,3593.4914265903235
2152,2950.817360727582
2153,2985.326079446688
2154,3595.3944691496004
2155,4044.178475004041
2156,3084.039423747974
2157,3062.9604665801226
2158,3482.572502763543
2159,2926.9783077148686
2160,3572.8714318421594
2161,3351.9868756080973
2162,4091.0144249950763
2163,3560.6827383397235
2164,3227.8417115199018
2165,3643.821685885494
2166,4527.081003468478
2167,3249.614675506197
2168,4680.4817390768985
2169,3566.4255396483045
2170,3265.457617636873
2171,3530.153043081972
2172,3035.308507983943
2173,3828.187159895923
2174,3610.877409368581
2175,3088.9937895914372
2176,3230.0403465811346
2177,4119.088396327394
2178,3601.578033924185
2179,3384.975893120291
2180,3574.8674036706134
2181,3790.7198990005313
2182,3598.9644368458353
2183,3120.570842564507
2184,3146.5967627177197
2185,4651.959962594619
2186,3090.18703802481
2187,3223.3033832435085
2188,3731.327281697621
2189,3193.68834372271
2190,3099.7388490578414
2191,3714.925405928826
2192,3607.146350391923
2193,4321.63351753757
2194,3953.8458659706516
2195,3781.1363758169755
2196,3970.627716407255
2197,3910.0558920571734
2198,3420.3336096835997
2199,4573.282398959937
2200,3781.5668113771812
2201,3573.558801066561
2202,3684.256614034861
2203,3950.2595011081257
2204,3072.8712560006134
2205,4359.664295419745
2206,3887.8873809183824
2207,4057.7494409204933
2208,3486.3126736690338
2209,4082.1207836551557
2210,3715.8175335782507
2211,3600.345063986251
2212,3299.4348476355376
2213,4578.06488891342
2214,3607.133440212857
2215,3485.7535750291468
2216,3980.4332201381544
2217,3286.116685476209
2218,3265.9458097825723
2219,3634.81876011865
2220,3668.8113980162693
2221,4052.208929429179
2222,3039.202253950696
2223,3227.51526991303
2224,3801.3561502379252
2225,3973.8393360885734
2226,3236.979784191771
2227,3080.646041021175
2228,3247.2311716558042
2229,2957.1812364654606
2230,4132.991862884827
2231,3042.0818334140686
2232,3305.2998171490667
2233,3482.671358757816
2234,4290.357317943977
2235,3744.1704056964063
2236,3888.3665099241707
2237,3461.2431806393392
2238,4372.159296310931
2239,3688.5691431776722
2240,3689.5522829377655
2241,3404.9728933135525
2242,3906.079017512357
2243,3858.3866564042223
2244,3300.963199609441
2245,3404.9385918558146
2246,3252.4882615240717
2247,3233.6736396856286
2248,3550.238047714379
2249,3530.9639083332563
2250,4275.608126433971
2251,3774.538829722809
2252,2932.340707229617
2253,3637.195576620053
2254,3906.0920824222576
2255,3883.6470753145945
2256,3066.816607126684
2257,3152.6538031859272
2258,3715.3112914686644
2259,3112.825548155157
2260,3157.954268895215
2261,3546.9492718383995
2262,2946.0081529174113
2263,3509.339459093446
2264,3835.126143323921
2265,3168.4799224120243
2266,3160.142789246758
2267,3159.648671054196
2268,3048.378158862077
2269,3720.0479284583726
2270,4268.312000156341
2271,2970.0690441369325
2272,3621.0676688461003
2273,3599.0662360688943
2274,4123.72870560507
2275,3540.7568660236307
2276,3417.7383664115614
2277,3693.924688296206
2278,3636.185601635234
2279,3722.0347001373216
2280,3722.9123321744582
2281,3214.0657812511436
2282,3748.4900497882772
2283,3945.382591305499
2284,3694.7948946484844
2285,3618.203562815501
2286,3197.869648865598
2287,3185.794887245812
2288,3167.239862892997
2289,3505.457898183483
2290,3726.256308921353
2291,3173.5406768689736
2292,3438.021414973822
2293,3111.9202867398517
2294,3737.926500264148
2295,3913.238046244764
2296,3455.8466343446175
2297,3566.296581488219
2298,3692.6769223901433
2299,4166.055806184078
2300,3116.7781016867557
2301,3735.020706645649
2302,3534.222484712574
2303,3130.0990597191876
2304,3417.9381366465345
2305,2986.19076689926
2306,3082.525200665027
2307,3466.498015725074
2308,3561.704598536458
2309,3640.9737883321263
2310,3481.118138982625
2311,3250.198322677403
2312,3098.8724402282724
2313,3659.747373534854
2314,3213.1321301728594
2315,3686.7721686125046
2316,3111.1171847511096
2317,3515.2432040287213
2318,3028.0613457209292
2319,3700.28290613336
2320,3620.1963730881157
2321,3565.47734494707
2322,3801.6062301863253
2323,3873.1334950777323
2324,3529.600771154912
2325,3515.4015373148372
2326,4023.287643235969
2327,3605.1340547597492
2328,3458.208059571027
2329,3438.6585505984117
2330,3037.497606914555
2331,3110.8065343011904
2332,4040.808520393328
2333,4029.2166841891403
2334,3414.6135237463473
2335,3462.282372660843
2336,2982.3901317558557
2337,3079.766331508369
2338,4193.304654302429
2339,3330.089566787438
2340,3394.6617955175757
2341,3721.9563748950977
2342,3632.869247688007
2343,3146.0651535981933
2344,3661.6045743704117
2345,3172.6729859887055
2346,3493.8550988628713
2347,3229.0368232122123
2348,3524.03630832037
2349,3398.328487382141
2350,3083.737562609931
2351,3008.3459507701446
2352,3189.756639974178
2353,3119.6345865425164
2354,3829.453972768153
2355,3531.4655437177967
2356,3739.458463012352
2357,3495.5325921038825
2358,3422.930238426918
2359,3679.976364876766
2360,3781.306403312586
2361,3409.996308668146
2362,3051.8922751997698
2363,3372.794658519867
2364,3737.192080395778
2365,3351.0175530610713
2366,3658.116943424823
2367,3498.66590484025
2368,3166.8108210342025
2369,3707.7577393403767
2370,3411.560442045499
2371,3700.7404693173603
2372,3312.9191955343404
2373,3527.386369466583
2374,3656.5287358661544
2375,3466.5983166423935
2376,3591.631237212182
2377,3387.0776495862237
2378,3528.9650967388875
2379,3796.3470426088325
2380,3374.5580247654175
2381,2792.3179255763725
2382,3157.0271377195195
2383,3583.7638287630684
2384,3304.712621181333
2385,3400.421753117202
2386,3422.554375014667
2387,3630.716549955999
2388,3111.9366251014026
2389,3412.019509918251
2390,3341.544720673078
2391,3692.838302444786
2392,3776.2391458072652
2393,5196.728880347255
2394,3640.907641629115
2395,3633.4034765507095
2396,3702.1950253634573
2397,3516.9681477013005
2398,3576.7550044568598
2399,3232.4870303744797
2400,3633.9680517016086
2401,3477.5167336626823
2402,3600.9735948346124
2403,3392.2888499636724
2404,3411.7832160688517
2405,3341.57360666726
2406,3644.9953151295617
2407,3169.724494717896
2408,3219.333239884368
2409,3659.3742373260316
2410,3219.8763257891183
2411,3091.3864445263316
2412,3244.0127090729234
2413,3669.9190839719327
2414,3199.0192875776406
2415,3475.5205542859826
2416,2863.417546728331
2417,3417.0920752714337
2418,3505.234357101114
2419,3371.5012065583155
2420,3231.663403912906
2421,3030.088209474303
2422,3574.3781979982896
2423,3406.879208195101
2424,3196.9209532145746
2425,3419.0285415588937
2426,3525.9768193849377
2427,3180.2635460903
2428,3465.1180156439564
2429,3476.0778584830705
2430,3484.7305592453117
2431,3432.877487479404
2432,3156.5560531136434
2433,3533.626811781071
2434,3353.825596256635
2435,3388.7045541291313
2436,3261.0181304746366
2437,3514.980179863117
2438,3123.3184821608493
2439,3195.94466314996
2440,3495.492795782137
2441,2898.2672381015936
2442,3412.096060330269
2443,3308.1963823175215
2444,3308.9271897400527
2445,3357.8858523043855
2446,3325.1787506235046
2447,3437.00833828458
2448,3081.0805961807673
2449,3222.387238560757
2450,2847.204078608397
2451,3097.3191613393737
2452,3307.7497454927425
2453,2785.6667410310565
2454,3230.6428007823165
2455,3251.9454005903835
2456,3138.516413451398
2457,2975.7974331814057
2458,3324.5516815440155
2459,3189.364383895927
2460,3326.194874806943
2461,2900.615264573996
2462,3376.0980712144465
2463,3396.630932832713
2464,3181.384979476169
2465,3161.2878270558886
2466,3199.970388862761
2467,2756.2505159471402
2468,3118.215376024191
2469,3260.697967869471
2470,2922.423488358384
2471,3428.6864635651705
2472,3218.8157979634752
2473,3234.996506565618
2474,3149.5342236905917
2475,3019.1827345707698
2476,3098.312593573849
2477,3051.2562226879645
2478,3049.7254728374855
2479,3344.975967765854
2480,3317.0561099687798
2481,3099.6998764172868
2482,3060.2116948353378
2483,2783.5365317698825
2484,2931.318970535247
2485,3077.454780873867
2486,3495.056292090908
2487,3266.7425490070577
2488,3079.3816778491073
2489,3028.2626117803293
2490,2748.0875556000265
2491,2948.148458456634
2492,2881.0924339518415
2493,2903.0865880915735
2494,2941.004579362051
2495,3057.965735773869
2496,2739.744825444499
2497,2737.231677296887
2498,2936.778670214424
2499,3139.4594595825893
2500,2777.593573126156
2501,3110.775507409933
2502,2692.631731372896
2503,3232.2559164159334
2504,2785.2070278639585
2505,3034.2820860015863
2506,2835.594793729065
2507,2921.3063107599864
2508,2663.2311323921185
2509,3082.495009763965
2510,2981.5548366440635
2511,2795.0965181357915
2512,2704.9391056941977
2513,2731.8660368698847
2514,2912.473275700242
2515,2765.397662710643
2516,2663.708993339622
2517,2919.6134573062454
2518,2802.8379913077924
2519,2826.5929052157726
2520,3093.1879271913976
2521,2837.7263908824025
2522,2642.6554307590686
2523,3155.4469103967895
2524,2968.1602167937226
2525,4118.152888015316
2526,3030.1643412820213
2527,2822.2982927191624
2528,2876.5163181477565
2529,2786.6361671521763
2530,2676.3458611748265
2531,2986.40514145859
2532,2787.5550733549117
2533,2894.7989730763275
2534,2573.4410546651416
2535,2764.022818390591
2536,2991.5158664821847
2537,2617.482438465062
2538,2784.4960671551125
2539,2641.6618087108236
2540,2964.8505347199743
2541,2884.286236919913
2542,2831.2740012891236
2543,2647.764068875401
2544,2951.733014326137
2545,2677.6949211550764
2546,2899.5012780104853
2547,2685.7193523845954
2548,2672.362529401378
2549,2662.534280665278
2550,2836.0297493850594
2551,2906.322008927411
2552,2751.3373761880175
2553,2776.213404145313
2554,2870.262831129875
2555,2707.6956534004794
2556,2902.6952004544537
2557,2692.590884588778
2558,2661.923611616263
2559,2547.1139183562163
2560,2769.9908031152772
2561,2783.8251228170902
2562,2573.891407966509
2563,2770.5306781823774
2564,2533.9706424340784
2565,2730.5902570071885
2566,2566.2422403287173
2567,2990.236947766488
2568,2740.964280020391
2569,2965.561318753026
2570,2646.574158792292
2571,2738.3837536177753
2572,2550.1886297333876
2573,2694.3906091990484
2574,2902.3230821508605
2575,3078.1346135154554
2576,2584.225428904466
2577,2592.9471753829084
2578,2769.065295814459
2579,2594.681749448061
2580,2624.575502421025
2581,2666.840847152449
2582,2765.1816727349033
2583,2829.2491905382603
2584,2900.157700014536
2585,2506.160570726948
2586,2510.8101497516554
2587,2616.9388614639474
2588,2572.5296594103474
2589,2631.2147325056585
2590,2722.9507177779906
2591,2715.3683773866396
2592,2507.097457890517
2593,2709.0132895416336
2594,2577.247133957103
2595,2694.3863008124426
2596,2486.913678900526
2597,2705.8927676381563
2598,2737.693743473571
2599,2865.1909680237795
2600,2508.2796739114074
2601,2662.642316953463
2602,2613.350133465983
2603,2386.1177839682978
2604,2659.937707969835
2605,2513.694778626329
2606,2665.592843627058
2607,2581.664816122002
2608,2643.331003103387
2609,2383.6039810465018
2610,2637.8605701311744
2611,2561.4818410354455
2612,2476.714904532798
2613,2784.1160532763934
2614,2298.5042223965665
2615,2740.23659608821
2616,2673.3782574503275
2617,2475.183088964859
2618,2332.0470144031797
2619,2548.048203414337
2620,2373.124473426974
2621,2341.6756295582354
2622,2582.782259686078
2623,2458.01411923857
2624,2170.2777169143446
2625,2312.5463253902954
2626,2418.03541011778
2627,2492.9027530439143
2628,2421.397093750282
2629,2339.4901516518057
2630,2435.7384606104433
2631,2400.0335731568957
2632,2624.6352516780426
2633,2566.4101036954744
2634,2544.94555732796
2635,2418.614272996333
2636,2788.572015274577
2637,2513.336913821001
2638,2250.002385318985
2639,2569.222525460972
2640,2558.620065180161
2641,2425.3104606203215
2642,2328.7297461971393
2643,2309.886417972738
2644,2269.505888747648
2645,2284.653550530621
2646,2424.5066373443206
2647,2186.8270474667734
2648,2299.2600233772946
2649,2313.342582507701
2650,2390.4439709541393
2651,2220.414065245517
2652,2226.2971159574226
2653,2259.5857571459446
2654,2275.647516370381
2655,2344.2406779376342
2656,2353.6815124579043
2657,2216.9793486205117
2658,2180.9755449715476
2659,2170.111066069103
2660,2266.608001526277
2661,2388.0150943743647
2662,2388.99836925246
2663,2162.86139899084
2664,2500.913394826881
2665,2103.842541718188
2666,2249.563958802717
2667,2275.3199847265296
2668,2222.4215286382487
2669,2512.7155040101525
2670,2157.484229181643
2671,2297.383691026872
2672,2333.450991615413
2673,2198.487983658518
2674,2539.184181818521
2675,2271.5980412309673
2676,2194.572576682547
2677,2356.878079032497
2678,2158.3056689903615
2679,2175.187939755603
2680,2176.191871626934
2681,2424.973903885765
2682,2134.6831087732608
2683,2140.8495023224286
2684,2075.3230636929447
2685,2237.18319853257
2686,2183.2670038614388
2687,2186.6382725865105
2688,2066.1629939749937
2689,2344.420059401111
2690,2095.7808417732585
2691,2259.6029844447357
2692,2079.6454751808697
2693,2168.5181812612755
2694,2082.450209454658
2695,2111.811944529415
2696,2204.8455166880676
2697,2085.0109436447337
2698,2209.4148333068715
2699,2282.3403719694434
2700,2365.200557500453
2701,2151.2758561773744
2702,2022.635671419158
2703,2073.250865658246
2704,2339.0700616584327
2705,2124.7601762916984
2706,2135.48064133159
2707,2123.5083263632387
2708,2116.593180566384
2709,2119.7874644830317
2710,2064.997033923142
2711,2076.642111471777
2712,2222.0125671068163
2713,2299.046764212406
2714,2233.7381841749893
2715,2113.3539969849735
2716,2178.378557590946
2717,2128.906461045046
2718,2108.2455103551592
2719,2385.1697437644207
2720,2326.4013064809233
2721,2244.0745439526754
2722,2105.817568301116
2723,2350.8375964606603
2724,2049.077320261681
2725,2094.9639694610496
2726,2071.9890504056893
2727,2084.27097464452
2728,2233.7113023250167
2729,2080.895848913691
2730,2093.1127070609173
2731,2042.5731948408438
2732,2209.421621108867
2733,2039.2556084527978
2734,2056.3342041801616
2735,2097.1245025583903
2736,2113.3492807712746
2737,2036.8402276265133
2738,2017.7093234519934
2739,2104.2230828838346
2740,2122.5128841565793
2741,2069.996503936103
2742,2109.936125591468
2743,2105.153017175441
2744,2048.182440542335
2745,2134.8637986434906
2746,2078.0670169757586
2747,2239.0254530654647
2748,2138.2794368695486
2749,2079.840819619698
2750,2009.108688467909
2751,2126.927541792218
2752,2034.2747611504192
2753,2105.9977179201524
2754,2152.4753950486465
2755,2014.3036586433736
2756,2172.6918395890852
2757,2181.8235453557018
2758,2153.814919193611
2759,2052.0303917514066
2760,2051.022006651786
2761,1925.8543373037319
2762,1952.8764934217998
2763,2049.19320704261
2764,2038.6303272878404
2765,1929.7161266785806
2766,2005.6442767804938
2767,2016.9680123509715
2768,1923.0329762499232
2769,2095.904122763228
2770,1889.081169385924
2771,2011.7345517635795
2772,2029.4709632917175
2773,2127.1690928239595
2774,2171.802677210837
2775,1930.9904308332643
2776,1969.2786721185175
2777,2148.675774102313
2778,2040.5137890373899
2779,2076.3920427293606
2780,2170.0755433938593
2781,1871.0821841655606
2782,1943.681704340238
2783,1990.7526402083058
2784,1944.6640938572018
2785,1926.2445919594084
2786,2064.3325005879005
2787,2035.5424104250833
2788,2022.6454836528283
2789,2212.577978133859
2790,1945.7847088229319
2791,2062.027116558271
2792,1998.1318786237562
2793,1979.7436529526558
2794,1999.9775989661348
2795,1974.2868644296332
2796,1883.6489512937005
2797,1954.5561824290162
2798,2038.8710405509673
2799,1920.2188508784584
2800,2159.0300346412123
2801,2064.7370717959066
2802,2001.8887013899484
2803,2181.9573791974462
2804,2275.831210644964
2805,1992.947218374151
2806,1950.0831156467857
2807,2011.0775290124784
2808,1907.6682412157397
2809,2117.142225598466
2810,2098.1735324516703
2811,2132.5146077504824
2812,2028.3557632052107
2813,2235.2213685559645
2814,1887.347069401124
2815,2092.8390474294565
2816,2045.8284488324398
2817,2025.8404398390903
2818,2114.6697528949335
2819,2081.0848688953884
2820,2043.783240505316
2821,2025.4371095839679
2822,2102.411762078883
2823,2071.2718067623337
2824,2126.9859667279334
2825,2052.7694821733876
2826,1985.6092534549953
2827,2041.7571348579504
2828,2102.564116414982
2829,2084.802212833053
2830,2141.211710286844
2831,2022.142521821118
2832,2273.110120259944
2833,1988.8403811809221
2834,1991.9938817579823
2835,2036.7692673673719
2836,1966.7137638375825
2837,1709.1624383030994
2838,2005.3976500743702
2839,1902.5991556536583
2840,1839.4965111830115
2841,1824.3932213313492
2842,1968.6611804436425
2843,2010.5263577711603
2844,1998.1342356345294
2845,2221.7435936114916
2846,1945.7870206729885
2847,2043.2321698432324
2848,1981.7234399273611
2849,1952.2979372505688
2850,1867.6043042987603
2851,1948.2142270960576
2852,1926.1985893051042
2853,2030.6485240467046
2854,1808.8633382454527
2855,1911.103587513845
2856,1938.917545751393
2857,1951.4731595478988
2858,1990.5958743605097
2859,1781.408506125469
2860,2125.6542905794677
2861,1987.939540946947
2862,1989.5348548091524
2863,1794.7050773421151
2864,1883.3918467278027
2865,1803.7482039353818
2866,2060.0358951150065
2867,1937.7094777914654
2868,1855.9065883858611
2869,1912.5709338491752
2870,1946.5570861166207
2871,1843.716709817726
2872,1935.9447917498983
2873,1893.4772145125753
2874,1851.5501158525121
2875,1676.5143626017434
2876,1845.431237246481
2877,1910.956639445987
2878,2017.1468026386146
2879,1840.936804120328
2880,2011.7311150327896
2881,1778.9646027593844
2882,1779.1791156754307
2883,1884.7111382176608
2884,1807.8951245030903
2885,1976.3957548842154
2886,1838.4563406228635
2887,2024.2021690331321
2888,1827.483924781518
2889,1953.333799637603
2890,1891.4024457792093
2891,1848.434759329024
2892,1754.5777077489038
2893,1973.4825024639504
2894,1726.055613623198
2895,1639.4344209661522
2896,1821.1439013974268
2897,1859.192291549829
2898,1826.9076574884548
2899,1830.7834695188267
2900,1727.1483690901914
2901,1948.1640399324224
2902,1946.9112973480296
2903,1757.88713957449
2904,1800.8344124252108
2905,1825.4312774105638
2906,1866.0127327304226
2907,1817.0084493288823
2908,1906.7581762490063
2909,1751.123205234123
2910,1805.002997687363
2911,1834.2966326723908
2912,1756.3695816108993
2913,3748.6390399966635
2914,1706.167354465717
2915,1810.968937152792
2916,1923.4021931025754
2917,1774.3370694469977
2918,1777.6973904911529
2919,1566.4925730389614
2920,1640.9069538316753
2921,1882.9988906067474
2922,1652.6687492351593
2923,1655.821508977042
2924,1704.5288205959805
2925,1693.5475740901247
2926,1781.2209686445722
2927,1580.704643097146
2928,1781.6642720913887
2929,1787.2749781092461
2930,1788.2410570990087
2931,1759.0387269355215
2932,1637.9157773388815
2933,1818.33609721225
2934,1617.0306578067975
2935,1849.6373424691938
2936,1686.9494995416026
2937,1714.8092121249265
2938,1611.6041196761926
2939,1665.8938210450979
2940,1537.050928234201
2941,1635.7807761938893
2942,1656.4553290585682
2943,1587.5528845763038
2944,1614.6771410785723
2945,1731.2385639969898
2946,1601.950412467785
2947,1705.6055808411948
2948,1723.3997025037988
2949,1723.0700198802915
2950,1696.9615857805493
2951,1685.4514329261638
2952,1715.1057914757303
2953,1560.1322601499905
2954,1728.1900976189354
2955,1668.4995779789388
2956,1604.0501584506692
2957,1515.633796869275
2958,1778.89555183434
2959,1719.3478442075457
2960,1499.3468936862764
2961,1534.770960888418
2962,1560.984589268509
2963,1587.5568702354403
2964,1491.0014975017557
2965,1478.1088953433946
2966,1679.099441877429
2967,1485.1480531561192
2968,1333.143559664869
2969,1607.3197814735086
2970,1539.3781774137487
2971,1390.6730074337038
2972,1314.4221843894748
2973,1563.5472035362463
2974,1661.6555373998817
2975,1555.4053248714354
2976,1704.9973495381637
2977,1426.6629291412046
2978,1548.9412581098086
2979,1485.512818831824
2980,1475.0065504970435
2981,1380.9891477375686
2982,1594.9202686843746
2983,1344.8251537021997
2984,1308.7706913016227
2985,1371.1490774585209
2986,1497.2299637515516
2987,1416.5106855671438
2988,1337.60958113371
2989,1523.4697563100526
2990,1284.0921187450122
2991,1520.3965017405826
2992,1310.7385220875576
2993,1630.1103149029086
2994,1436.6490439249847
2995,1383.7653670269738
2996,1478.4164755909414
2997,1244.8937645503793
2998,1500.5250497972902
2999,1391.6490369077546
3000,1391.6490369077546
